actor,episode_title
Ann Jillian,Caesar and Me
Barney Phillips,The Fever
Bill Erwin,Mute
Bill Erwin,Walking Distance
Burt Reynolds,"Nightmare at 20,000 Feet"
Burt Reynolds,The Bard
Collin Wilcox,Number 12 Looks Just Like You
George Mitchell,Still Valley
George Mitchell,The Brain Center at Whipple's
George Mitchell,The Grave
H.M. Wynant,In His Image
Harold J. Stone,A World of His Own
Harold J. Stone,"Mr. Dingle, the Strong"
Irene Tedrow,Mute
J. Pat O'Malley,Walking Distance
Jack Weston,The Whole Truth
James Franciscus,Judgment Night
Jerry Fujikawa,To Serve Man
Joe Perry,Nightmare as a Child
Joe Perry,The Gift
John Close,Shadow Play
John Fiedler,Cavender Is Coming
Jon Lormer,He's Alive
Jon Lormer,The Grave
Jon Lormer,To Serve Man
Lee Kinsolving,The Thirty-Fathom Grave
Lee Marvin,The Mirror
Lee Philips,The After Hours
Lew Gallo,On Thursday We Leave for Home
Nehemiah Persoff,The Four of Us Are Dying
Robert Lansing,A Kind of a Stopwatch
Robert McCord,A Kind of a Stopwatch
Robert McCord,From Agnes - with Love
Robert McCord,Ninety Years Without Slumbering
Robert McCord,Person or Persons Unknown
Robert McCord,Sounds and Silences
Robert McCord,The Brain Center at Whipple's
Robert McCord,The Fear
Ross Martin,The New Exhibit
S. John Launer,A Stop at Willoughby
S. John Launer,The Parallel
S. John Launer,The Whole Truth
Sandra Warner,A Nice Place to Visit
Stafford Repp,A Nice Place to Visit
Vaughn Taylor,A Game of Pool
Vaughn Taylor,I Dream of Genie
Vaughn Taylor,Static
Vaughn Taylor,The Old Man in the Cave
Warren Oates,Come Wander with Me
Will J. White,Third from the Sun
Will J. White,To Serve Man
